millis,stamp,datetime,motion
999, 1564089840, 2019/7/25 21:24:0, Inactive
1999, 1564089841, 2019/7/25 21:24:1, Inactive
2999, 1564089842, 2019/7/25 21:24:2, Inactive
3999, 1564089843, 2019/7/25 21:24:3, Inactive
4999, 1564089844, 2019/7/25 21:24:4, Inactive
5999, 1564089845, 2019/7/25 21:24:5, Inactive
7000, 1564089846, 2019/7/25 21:24:6, Active
7999, 1564089847, 2019/7/25 21:24:7, Inactive
8999, 1564089848, 2019/7/25 21:24:8, Inactive
9999, 1564089849, 2019/7/25 21:24:9, Inactive
10999, 1564089850, 2019/7/25 21:24:10, Inactive
11999, 1564089851, 2019/7/25 21:24:11, Inactive
12999, 1564089852, 2019/7/25 21:24:12, Inactive
13999, 1564089853, 2019/7/25 21:24:13, Inactive
14999, 1564089854, 2019/7/25 21:24:14, Inactive
15998, 1564089855, 2019/7/25 21:24:15, Inactive
16999, 1564089856, 2019/7/25 21:24:16, Active
17999, 1564089857, 2019/7/25 21:24:17, Inactive
18999, 1564089858, 2019/7/25 21:24:18, Inactive
19999, 1564089859, 2019/7/25 21:24:19, Inactive
20999, 1564089860, 2019/7/25 21:24:20, Inactive
21999, 1564089861, 2019/7/25 21:24:21, Inactive
22999, 1564089862, 2019/7/25 21:24:22, Inactive
23999, 1564089863, 2019/7/25 21:24:23, Inactive
24999, 1564089864, 2019/7/25 21:24:24, Inactive
25999, 1564089865, 2019/7/25 21:24:25, Inactive
26999, 1564089866, 2019/7/25 21:24:26, Active
27999, 1564089867, 2019/7/25 21:24:27, Inactive
28999, 1564089868, 2019/7/25 21:24:28, Inactive
30000, 1564089869, 2019/7/25 21:24:29, Inactive
30999, 1564089870, 2019/7/25 21:24:30, Inactive
31998, 1564089871, 2019/7/25 21:24:31, Active
32999, 1564089872, 2019/7/25 21:24:32, Inactive
33998, 1564089873, 2019/7/25 21:24:33, Inactive
34999, 1564089874, 2019/7/25 21:24:34, Inactive
35999, 1564089875, 2019/7/25 21:24:35, Inactive
36999, 1564089876, 2019/7/25 21:24:36, Inactive
37999, 1564089877, 2019/7/25 21:24:37, Active
39000, 1564089878, 2019/7/25 21:24:38, Inactive
39999, 1564089879, 2019/7/25 21:24:39, Inactive
40999, 1564089880, 2019/7/25 21:24:40, Inactive
41999, 1564089881, 2019/7/25 21:24:41, Inactive
42999, 1564089882, 2019/7/25 21:24:42, Inactive
44000, 1564089883, 2019/7/25 21:24:43, Active
44998, 1564089884, 2019/7/25 21:24:44, Inactive
45999, 1564089885, 2019/7/25 21:24:45, Inactive
46999, 1564089886, 2019/7/25 21:24:46, Inactive
48000, 1564089887, 2019/7/25 21:24:47, Inactive
48999, 1564089888, 2019/7/25 21:24:48, Active
49999, 1564089889, 2019/7/25 21:24:49, Inactive
50999, 1564089890, 2019/7/25 21:24:50, Inactive
51998, 1564089891, 2019/7/25 21:24:51, Inactive
52999, 1564089892, 2019/7/25 21:24:52, Inactive
53999, 1564089893, 2019/7/25 21:24:53, Inactive
55000, 1564089894, 2019/7/25 21:24:54, Inactive
55999, 1564089895, 2019/7/25 21:24:55, Active
56999, 1564089896, 2019/7/25 21:24:56, Inactive
57999, 1564089897, 2019/7/25 21:24:57, Inactive
58999, 1564089898, 2019/7/25 21:24:58, Inactive
59998, 1564089899, 2019/7/25 21:24:59, Inactive
60999, 1564089900, 2019/7/25 21:25:0, Inactive
61999, 1564089901, 2019/7/25 21:25:1, Inactive
62999, 1564089902, 2019/7/25 21:25:2, Active
64000, 1564089903, 2019/7/25 21:25:3, Inactive
64999, 1564089904, 2019/7/25 21:25:4, Inactive
65998, 1564089905, 2019/7/25 21:25:5, Inactive
66999, 1564089906, 2019/7/25 21:25:6, Active
67999, 1564089907, 2019/7/25 21:25:7, Inactive
68999, 1564089908, 2019/7/25 21:25:8, Inactive
69999, 1564089909, 2019/7/25 21:25:9, Inactive
70999, 1564089910, 2019/7/25 21:25:10, Inactive
71999, 1564089911, 2019/7/25 21:25:11, Inactive
72999, 1564089912, 2019/7/25 21:25:12, Inactive
73999, 1564089913, 2019/7/25 21:25:13, Active
74999, 1564089914, 2019/7/25 21:25:14, Inactive
76000, 1564089915, 2019/7/25 21:25:15, Inactive
76999, 1564089916, 2019/7/25 21:25:16, Inactive
77999, 1564089917, 2019/7/25 21:25:17, Inactive
78999, 1564089918, 2019/7/25 21:25:18, Active
80000, 1564089919, 2019/7/25 21:25:19, Inactive
80999, 1564089920, 2019/7/25 21:25:20, Inactive
81999, 1564089921, 2019/7/25 21:25:21, Inactive
82999, 1564089922, 2019/7/25 21:25:22, Active
83999, 1564089923, 2019/7/25 21:25:23, Active
85000, 1564089924, 2019/7/25 21:25:24, Inactive
85999, 1564089925, 2019/7/25 21:25:25, Inactive
87000, 1564089926, 2019/7/25 21:25:26, Inactive
87999, 1564089927, 2019/7/25 21:25:27, Inactive
88999, 1564089928, 2019/7/25 21:25:28, Inactive
89999, 1564089929, 2019/7/25 21:25:29, Inactive
90999, 1564089930, 2019/7/25 21:25:30, Inactive
91999, 1564089931, 2019/7/25 21:25:31, Active
92999, 1564089932, 2019/7/25 21:25:32, Inactive
94000, 1564089933, 2019/7/25 21:25:33, Inactive
94999, 1564089934, 2019/7/25 21:25:34, Inactive
96000, 1564089935, 2019/7/25 21:25:35, Active
96999, 1564089936, 2019/7/25 21:25:36, Inactive
97999, 1564089937, 2019/7/25 21:25:37, Inactive
98999, 1564089938, 2019/7/25 21:25:38, Inactive
99999, 1564089939, 2019/7/25 21:25:39, Inactive
100999, 1564089940, 2019/7/25 21:25:40, Inactive
101999, 1564089941, 2019/7/25 21:25:41, Active
103000, 1564089942, 2019/7/25 21:25:42, Active
103999, 1564089943, 2019/7/25 21:25:43, Inactive
104998, 1564089944, 2019/7/25 21:25:44, Inactive
105999, 1564089945, 2019/7/25 21:25:45, Inactive
106999, 1564089946, 2019/7/25 21:25:46, Inactive
107999, 1564089947, 2019/7/25 21:25:47, Inactive
108999, 1564089948, 2019/7/25 21:25:48, Inactive
109999, 1564089949, 2019/7/25 21:25:49, Inactive
110999, 1564089950, 2019/7/25 21:25:50, Active
112000, 1564089951, 2019/7/25 21:25:51, Inactive
112999, 1564089952, 2019/7/25 21:25:52, Inactive
113998, 1564089953, 2019/7/25 21:25:53, Inactive
114999, 1564089954, 2019/7/25 21:25:54, Inactive
115999, 1564089955, 2019/7/25 21:25:55, Active
116999, 1564089956, 2019/7/25 21:25:56, Active
117999, 1564089957, 2019/7/25 21:25:57, Inactive
119000, 1564089958, 2019/7/25 21:25:58, Inactive
119999, 1564089959, 2019/7/25 21:25:59, Inactive
120999, 1564089960, 2019/7/25 21:26:0, Inactive
121999, 1564089961, 2019/7/25 21:26:1, Inactive
122999, 1564089962, 2019/7/25 21:26:2, Active
123999, 1564089963, 2019/7/25 21:26:3, Active
124999, 1564089964, 2019/7/25 21:26:4, Inactive
125999, 1564089965, 2019/7/25 21:26:5, Inactive
126999, 1564089966, 2019/7/25 21:26:6, Inactive
127998, 1564089967, 2019/7/25 21:26:7, Inactive
128999, 1564089968, 2019/7/25 21:26:8, Active
129999, 1564089969, 2019/7/25 21:26:9, Inactive
130999, 1564089970, 2019/7/25 21:26:10, Inactive
131999, 1564089971, 2019/7/25 21:26:11, Inactive
132999, 1564089972, 2019/7/25 21:26:12, Active
133999, 1564089973, 2019/7/25 21:26:13, Inactive
135000, 1564089974, 2019/7/25 21:26:14, Inactive
135999, 1564089975, 2019/7/25 21:26:15, Inactive
136999, 1564089976, 2019/7/25 21:26:16, Active
137999, 1564089977, 2019/7/25 21:26:17, Inactive
138999, 1564089978, 2019/7/25 21:26:18, Inactive
139999, 1564089979, 2019/7/25 21:26:19, Inactive
140999, 1564089980, 2019/7/25 21:26:20, Inactive
141999, 1564089981, 2019/7/25 21:26:21, Inactive
142999, 1564089982, 2019/7/25 21:26:22, Active
144000, 1564089983, 2019/7/25 21:26:23, Inactive
144999, 1564089984, 2019/7/25 21:26:24, Inactive
145999, 1564089985, 2019/7/25 21:26:25, Inactive
146999, 1564089986, 2019/7/25 21:26:26, Inactive
147999, 1564089987, 2019/7/25 21:26:27, Active
148999, 1564089988, 2019/7/25 21:26:28, Inactive
149999, 1564089989, 2019/7/25 21:26:29, Inactive
151000, 1564089990, 2019/7/25 21:26:30, Inactive
151999, 1564089991, 2019/7/25 21:26:31, Inactive
152999, 1564089992, 2019/7/25 21:26:32, Active
153999, 1564089993, 2019/7/25 21:26:33, Inactive
154998, 1564089994, 2019/7/25 21:26:34, Inactive
155999, 1564089995, 2019/7/25 21:26:35, Inactive
156999, 1564089996, 2019/7/25 21:26:36, Inactive
158000, 1564089997, 2019/7/25 21:26:37, Active
158999, 1564089998, 2019/7/25 21:26:38, Active
160000, 1564089999, 2019/7/25 21:26:39, Inactive
160999, 1564090000, 2019/7/25 21:26:40, Inactive
161999, 1564090001, 2019/7/25 21:26:41, Inactive
162999, 1564090002, 2019/7/25 21:26:42, Active
163999, 1564090003, 2019/7/25 21:26:43, Inactive
165000, 1564090004, 2019/7/25 21:26:44, Inactive
165999, 1564090005, 2019/7/25 21:26:45, Inactive
167000, 1564090006, 2019/7/25 21:26:46, Active
167999, 1564090007, 2019/7/25 21:26:47, Active
168999, 1564090008, 2019/7/25 21:26:48, Inactive
169999, 1564090009, 2019/7/25 21:26:49, Inactive
170999, 1564090010, 2019/7/25 21:26:50, Inactive
171999, 1564090011, 2019/7/25 21:26:51, Inactive
172999, 1564090012, 2019/7/25 21:26:52, Active
173999, 1564090013, 2019/7/25 21:26:53, Inactive
174999, 1564090014, 2019/7/25 21:26:54, Inactive
175998, 1564090015, 2019/7/25 21:26:55, Inactive
176999, 1564090016, 2019/7/25 21:26:56, Inactive
177999, 1564090017, 2019/7/25 21:26:57, Active
178999, 1564090018, 2019/7/25 21:26:58, Inactive
179999, 1564090019, 2019/7/25 21:26:59, Inactive
180998, 1564090020, 2019/7/25 21:27:0, Inactive
181999, 1564090021, 2019/7/25 21:27:1, Inactive
183000, 1564090022, 2019/7/25 21:27:2, Active
183999, 1564090023, 2019/7/25 21:27:3, Inactive
184999, 1564090024, 2019/7/25 21:27:4, Inactive
185999, 1564090025, 2019/7/25 21:27:5, Inactive
186999, 1564090026, 2019/7/25 21:27:6, Inactive
187999, 1564090027, 2019/7/25 21:27:7, Inactive
188999, 1564090028, 2019/7/25 21:27:8, Inactive
189999, 1564090029, 2019/7/25 21:27:9, Inactive
190999, 1564090030, 2019/7/25 21:27:10, Active
191998, 1564090031, 2019/7/25 21:27:11, Active
192999, 1564090032, 2019/7/25 21:27:12, Inactive
193999, 1564090033, 2019/7/25 21:27:13, Inactive
194999, 1564090034, 2019/7/25 21:27:14, Inactive
195999, 1564090035, 2019/7/25 21:27:15, Inactive
196999, 1564090036, 2019/7/25 21:27:16, Inactive
197999, 1564090037, 2019/7/25 21:27:17, Active
199000, 1564090038, 2019/7/25 21:27:18, Inactive
